formula,monoisotopic,composition
N1H29O14C17,471.15880460867,"HEXOSE:1,Neu5Ac:1,H2O"
O14C17Na1H29N1,494.14857388957,"HEXOSE:1,Neu5Ac:1,Na:1,H2O"
N1H39O19C23,633.21162802717,"HEXOSE:2,Neu5Ac:1,H2O"
O19C23Na1H39N1,656.20139730807,"HEXOSE:2,Neu5Ac:1,Na:1,H2O"
N2H42O19C25,674.23817712818,"HEXOSE:1,HEXNAc:1,Neu5Ac:1,H2O"
O19C25Na1H42N2,697.2279464090799,"HEXOSE:1,HEXNAc:1,Neu5Ac:1,Na:1,H2O"
N1H49O24C29,795.2644514456699,"HEXOSE:3,Neu5Ac:1,H2O"
O24C29Na1H49N1,818.25422072657,"HEXOSE:3,Neu5Ac:1,Na:1,H2O"
N2H52O24C31,836.2910005466799,"HEXOSE:2,HEXNAc:1,Neu5Ac:1,H2O"
O24C31Na1H52N2,859.2807698275799,"HEXOSE:2,HEXNAc:1,Neu5Ac:1,Na:1,H2O"
N3H55O24C33,877.3175496476899,"HEXOSE:1,HEXNAc:2,Neu5Ac:1,H2O"
O24C33Na1H55N3,900.3073189285899,"HEXOSE:1,HEXNAc:2,Neu5Ac:1,Na:1,H2O"
N1H59O29C35,957.3172748641699,"HEXOSE:4,Neu5Ac:1,H2O"
O29C35Na1H59N1,980.3070441450699,"HEXOSE:4,Neu5Ac:1,Na:1,H2O"
N2H62O29C37,998.3438239651799,"HEXOSE:3,HEXNAc:1,Neu5Ac:1,H2O"
O29C37Na1H62N2,1021.3335932460799,"HEXOSE:3,HEXNAc:1,Neu5Ac:1,Na:1,H2O"
N3H65O29C39,1039.37037306619,"HEXOSE:2,HEXNAc:2,Neu5Ac:1,H2O"
O29C39Na1H65N3,1062.3601423470898,"HEXOSE:2,HEXNAc:2,Neu5Ac:1,Na:1,H2O"
N4H68O29C41,1080.3969221672,"HEXOSE:1,HEXNAc:3,Neu5Ac:1,H2O"
O29C41Na1H68N4,1103.3866914480998,"HEXOSE:1,HEXNAc:3,Neu5Ac:1,Na:1,H2O"
N2H72O34C43,1160.39664738368,"HEXOSE:4,HEXNAc:1,Neu5Ac:1,H2O"
O34C43Na1H72N2,1183.38641666458,"HEXOSE:4,HEXNAc:1,Neu5Ac:1,Na:1,H2O"
N3H75O34C45,1201.42319648469,"HEXOSE:3,HEXNAc:2,Neu5Ac:1,H2O"
O34C45Na1H75N3,1224.4129657655901,"HEXOSE:3,HEXNAc:2,Neu5Ac:1,Na:1,H2O"
N4H78O34C47,1242.4497455857,"HEXOSE:2,HEXNAc:3,Neu5Ac:1,H2O"
O34C47Na1H78N4,1265.4395148666001,"HEXOSE:2,HEXNAc:3,Neu5Ac:1,Na:1,H2O"
N3H85O39C51,1363.47601990319,"HEXOSE:4,HEXNAc:2,Neu5Ac:1,H2O"
O39C51Na1H85N3,1386.4657891840898,"HEXOSE:4,HEXNAc:2,Neu5Ac:1,Na:1,H2O"
N4H88O39C53,1404.5025690041998,"HEXOSE:3,HEXNAc:3,Neu5Ac:1,H2O"
O39C53Na1H88N4,1427.4923382850998,"HEXOSE:3,HEXNAc:3,Neu5Ac:1,Na:1,H2O"
N4H98O44C59,1566.5553924227,"HEXOSE:4,HEXNAc:3,Neu5Ac:1,H2O"
O44C59Na1H98N4,1589.5451617036001,"HEXOSE:4,HEXNAc:3,Neu5Ac:1,Na:1,H2O"
