,observed,calculated,delta,composition,formula,fragment_type
0,314.0841,314.08518578737,0.001085787370016078,"('Neu5Ac',)",N1Na1O8H17C11,B+Na
0,314.0841,314.08518578737,0.001085787370016078,"('Neu5Ac',)",N1Na1O8H17C11,Y-W+Na
0,477.1453,477.14583423794,0.0005342379399735364,"('HEXOSE', 'Neu5Ac')",N1Na1O13H28C17,C-W+Na
0,477.1453,477.17204937434997,0.026749374349947175,"('HEXNAc', 'Neu5Ac')",C19O12H29N2,B-W
1,679.2168,679.21738172538,0.000581725380015996,"('HEXOSE', 'HEXNAc', 'Neu5Ac')",N2Na1O18H40C25,B+Na
1,679.2168,679.21738172538,0.000581725380015996,"('HEXOSE', 'HEXNAc', 'Neu5Ac')",N2Na1O18H40C25,Y-W+Na
0,697.2274,697.22794640908,0.0005464090800160193,"('HEXOSE', 'HEXNAc', 'Neu5Ac')",N2Na1O19H42C25,Y+Na
1,771.2642,771.26472584062,0.0005258406200709942,"('HEXOSE', 'HEXOSE', 'HEXNAc', 'HEXNAc')",N2Na1O21H48C28,Y+Na
2,841.2697,841.27020514388,0.000505143880104697,"('HEXOSE', 'HEXOSE', 'HEXNAc', 'Neu5Ac')",N2Na1O23H50C31,B+Na
2,841.2697,841.27020514388,0.000505143880104697,"('HEXOSE', 'HEXOSE', 'HEXNAc', 'Neu5Ac')",N2Na1O23H50C31,Y-W+Na
3,915.306436,915.3069845754201,0.0005485754201117743,"('HEXOSE', 'HEXOSE', 'HEXOSE', 'HEXNAc', 'HEXNAc')",N2Na1O25H56C34,B+Na
3,915.306436,915.3069845754201,0.0005485754201117743,"('HEXOSE', 'HEXOSE', 'HEXOSE', 'HEXNAc', 'HEXNAc')",N2Na1O25H56C34,Y-W+Na
2,933.317,933.31754925912,0.0005492591200209063,"('HEXOSE', 'HEXOSE', 'HEXOSE', 'HEXNAc', 'HEXNAc')",N2Na1O26H58C34,Y+Na
0,949.29094,949.29148665822,0.0005466582200597259,"('HEXOSE', 'HEXOSE', 'HEXOSE', 'HEXNAc', 'HEXNAc')",N2K1O26H58C34,Y+K
0,975.32757,975.32811394282,0.0005439428199451868,"('HEXOSE', 'HEXOSE', 'HEXOSE', 'HEXNAc', 'HEXNAc', 'HEXNAc')",N2Na1O27H60C36,A24+Na
0,975.32757,975.3519233922,0.02435339219994148,"('HEXOSE', 'HEXOSE', 'HEXNAc', 'HEXNAc', 'HEXNAc')",N3Na1O26H62C36,C+Na
0,991.3015,991.30205134192,0.0005513419199587588,"('HEXOSE', 'HEXOSE', 'HEXOSE', 'HEXNAc', 'HEXNAc', 'HEXNAc')",N2K1O27H60C36,A24+K
0,991.3015,991.3258607913,0.024360791299955054,"('HEXOSE', 'HEXOSE', 'HEXNAc', 'HEXNAc', 'HEXNAc')",N3K1O26H62C36,C+K
4,1077.388,1077.35980799392,-0.028192006079962084,"('HEXOSE', 'HEXOSE', 'HEXOSE', 'HEXOSE', 'HEXNAc', 'HEXNAc')",N2Na1O30H66C40,B+Na
4,1077.388,1077.35980799392,-0.028192006079962084,"('HEXOSE', 'HEXOSE', 'HEXOSE', 'HEXOSE', 'HEXNAc', 'HEXNAc')",N2Na1O30H66C40,Y-W+Na
3,1136.396373,1136.3969217786298,0.0005487786297635466,"('HEXOSE', 'HEXOSE', 'HEXOSE', 'HEXNAc', 'HEXNAc', 'HEXNAc')",N3Na1O31H71C42,Y+Na
1,1137.380389,1137.3809373613199,0.0005483613199430692,"('HEXOSE', 'HEXOSE', 'HEXOSE', 'HEXOSE', 'HEXNAc', 'HEXNAc', 'HEXNAc')",N2Na1O32H70C42,A24+Na
1,1137.380389,1137.4047468107,0.024357810700166738,"('HEXOSE', 'HEXOSE', 'HEXOSE', 'HEXNAc', 'HEXNAc', 'HEXNAc')",N3Na1O31H72C42,C+Na
1,1152.37031,1152.37085917773,0.0005491777299084788,"('HEXOSE', 'HEXOSE', 'HEXOSE', 'HEXNAc', 'HEXNAc', 'HEXNAc')",N3K1O31H71C42,Y+K
1,1153.354326,1153.35487476042,0.0005487604200880014,"('HEXOSE', 'HEXOSE', 'HEXOSE', 'HEXOSE', 'HEXNAc', 'HEXNAc', 'HEXNAc')",N2K1O32H70C42,A24+K
1,1153.354326,1153.3786842098,0.024358209800084296,"('HEXOSE', 'HEXOSE', 'HEXOSE', 'HEXNAc', 'HEXNAc', 'HEXNAc')",N3K1O31H72C42,C+K
0,1175.3585,1175.4201224798899,0.06162247988982017,"('HEXOSE', 'HEXOSE', 'HEXOSE', 'HEXOSE', 'HEXNAc', 'HEXNAc', 'HEXNAc')",C44N2H75O34,A02
0,1197.401518,1197.40206672872,0.0005487287201049185,"('HEXOSE', 'HEXOSE', 'HEXOSE', 'HEXOSE', 'HEXNAc', 'HEXNAc', 'HEXNAc')",N2Na1O34H74C44,A02+Na
0,1213.375455,1213.37600412782,0.0005491278197951033,"('HEXOSE', 'HEXOSE', 'HEXOSE', 'HEXOSE', 'HEXNAc', 'HEXNAc', 'HEXNAc')",N2K1O34H74C44,A02+K
5,1280.438632,1280.43918051343,0.000548513429976083,"('HEXOSE', 'HEXOSE', 'HEXOSE', 'HEXOSE', 'HEXNAc', 'HEXNAc', 'HEXNAc')",N3Na1O35H79C48,B+Na
5,1280.438632,1280.43918051343,0.000548513429976083,"('HEXOSE', 'HEXOSE', 'HEXOSE', 'HEXOSE', 'HEXNAc', 'HEXNAc', 'HEXNAc')",N3Na1O35H79C48,Y-W+Na
4,1298.4492,1298.4497451971301,0.0005451971301226877,"('HEXOSE', 'HEXOSE', 'HEXOSE', 'HEXOSE', 'HEXNAc', 'HEXNAc', 'HEXNAc')",N3Na1O36H81C48,Y+Na
2,1314.423134,1314.42368259623,0.0005485962301463587,"('HEXOSE', 'HEXOSE', 'HEXOSE', 'HEXOSE', 'HEXNAc', 'HEXNAc', 'HEXNAc')",N3K1O36H81C48,Y+K
0,1545.554784,1545.5553324644798,0.0005484644798343652,"('HEXOSE', 'HEXOSE', 'HEXOSE', 'HEXOSE', 'HEXNAc', 'HEXNAc', 'HEXNAc', 'Neu5Ac')",N4Na1O42H98C58,Y+Na-CO2
0,1561.528721,1561.5292698635799,0.0005488635799792974,"('HEXOSE', 'HEXOSE', 'HEXOSE', 'HEXOSE', 'HEXNAc', 'HEXNAc', 'HEXNAc', 'Neu5Ac')",N4K1O42H98C58,Y+K-CO2
5,1589.544613,1589.5451617036,0.0005487035998612555,"('HEXOSE', 'HEXOSE', 'HEXOSE', 'HEXOSE', 'HEXNAc', 'HEXNAc', 'HEXNAc', 'Neu5Ac')",N4Na1O44H98C59,Y+Na
3,1605.51855,1605.5190991026998,0.000549102699778814,"('HEXOSE', 'HEXOSE', 'HEXOSE', 'HEXOSE', 'HEXNAc', 'HEXNAc', 'HEXNAc', 'Neu5Ac')",N4K1O44H98C59,Y+K
0,1611.526557,1611.52710595243,0.0005489524301083293,"('HEXOSE', 'HEXOSE', 'HEXOSE', 'HEXOSE', 'HEXNAc', 'HEXNAc', 'HEXNAc', 'Neu5Ac')",N4Na2O44H97C59,Y+2Na
0,1627.500495,1627.50104335153,0.0005483515299147257,"('HEXOSE', 'HEXOSE', 'HEXOSE', 'HEXOSE', 'HEXNAc', 'HEXNAc', 'HEXNAc', 'Neu5Ac')",N4Na1K1O44H97C59,Y+Na+K
0,1643.473884,1643.47498075063,0.001096750630040333,"('HEXOSE', 'HEXOSE', 'HEXOSE', 'HEXOSE', 'HEXNAc', 'HEXNAc', 'HEXNAc', 'Neu5Ac')",N4K2O44H97C59,Y+2K
